id,bookname
1, Dede Korkut Hikayeleri 
2, Mevlananin Mesnevisinden Secme Hikayeler 
3, Karagoz ile Hacivat 
4, Vatan Yahut Silistre 
5, Omerin Cocuklugu 
6, Gulyabani 
7, Sermin 
8, Altin Isik 
9, Yalniz Efe 
10, Cocuk Siirleri 
11, Hep O Sarki 
12, Peri Kizi ile Coban Hikayesi 
13, Uluc Reis 
14, Damla Damla 
15, Bagriyanik Omer 
16, Domanic Daglarinin Yolcusu 
17, Evvel Zaman Icinde 
18, Cumhuriyet Oncesi Yazarlardan Cocuklara Hikayeler 
19, Gururlu Peri 
20, Akin 
21, Havaya Ucan At 
22, Benim Kucuk Dostlarim 
23, Sevdali Bulut 
24, Kuklaci 
25, Yer Altinda Bir Sehir 
26, Arif Nihat Asyadan Secme Siirler 
27, Sait Faik Abasiyaniktan Secme Hikayeler 
28, Kocyigit Koroglu 
29, Az Gittik Uz Gittik 
30, Aritmetik Iyi Kuslar Pekiyi 
31, Cocuklara Siirler 
32, 87 Oguz 
33, Yonca Kiz 
34, Bitmeyen Gece 
35, Halime Kaptan 
36, Gumus Kanat 
37, Vatan Topragi 
38, Barbaros Hayrettin Geliyor 
39, Esref Saati 
40, Nasreddin Hoca Hikayeleri 
41, Incinin Maceralari 
42, Alli ile Firfiri 
43, Tiryaki Sozleri 
44, Keloglan Masallari 
45, Billur Kosk Masallari 
46, Osmancik 
47, Balim Kiz Dalim Ogul 
48, Falaka 
49, Bir Gemi Yelken Acti 
50, Uc Minik Sercem 
51, Memleket Siirleri Antolojisi 
52, Ulkemin Efsaneleri 
53, Anilarda Oykuler 
54, Aldi Sozu Anadolu 
55, Gol Cocuklari 
56, Miskinler Tekkesi 
57, Tanri Misafiri 
58, Otlegen Kusu 
59, Arilar Ordusu 
60, Yankili Kayalar 
61, Yurekdede ile Padisah 
62, Serce Kus 
63, Bir Kucuk Osmancik Vardi 
64, Turkcede Deyimler 
65, Turk Atasozlerinden Secmeler 
66, Turk Bilmecelerinden Secmeler 
67, Turk Ninnilerinden Secmeler 
68, Turkulerden Secmeler 
69, Turk Manilerinden Secmeler- DUNYA EDEBIYATI-71
70, Seker PortakaIi 
71, 0liver Twist 
72, Alice Harikalar Ulkesinde 
73, Gulliverin Gezileri 
74, Define Adasi 
75, Robin Hood 
76, Tom Sawyer 
77, Ezop Masallari 
78, Andersen Masallari I-II 
79, Uc Silahsorler 
80, La Fontaineden Secmeler 
81, Pinokyo 
82, 80 Gunde Devr-i Alem 
83, Inci 
84, Beyaz Yele 
85, Peter Pan 
86, Ucan Sinif 
87, Yagmur Yagdiran Kedi 
88, Olumsuz Aile 
89, Yasli Adam ve Deniz 
90, Mutlu Prens 
91, Samatali Koy 
92, Momo 
93, Heidi 
94, Insan Ne ile Yasar 
95, Sol Ayagim 
96, Hikayeler 
97, Degirmenimden Mektuplar 
98, Pollyanna 
99,10 DAKIKADA BEYIN JIMNASTIGI
100,1931 NOLU MEZAR
101,300 SORUDA TASAVVUFI HAYAT
102,31 MARTTA YABANCI PARMAGI
103,40 HADIS
104,40ININDA KULPU KIRIK 40 TURK
105,5 COCUK 5 ISTANBUL
106,A DAN Z YE ICATLAR VE MUCITLERI
107,ABDULHAMIT HAN(TIYATRO)
108,ABDULHAMID’IN KURTLARLA DANSI
109,ABUR CUBUR PESINDE - BALONLU SAKIZ AGACI 
110,ABUR CUBUR PESINDE - CUBUK MAKARNA DUGUMU
111,ABUR CUBUR PESINDE - PATLAMIS MISIR KORSANLARI
112,ABUR CUBUR PESINDE -HALKA COREK ZINCIRI 
113,ACEMI KORSAN
114,ACIMAK
115,ACIKGOZ BUDALALAR 
116,ACIKLAMALI BUYUK DUA KITABI
117,ACLIK
118,AGAC OKUL
119,AGACKAKANLAR
120,AGRIDAGI EFSANESI 45.BASKI
121,AHI EVRAN EFSANESI - EJDERHANIN DONUSU
122,AHI EVRAN EFSANESI - KAYIP ZAMAN
123,AHID KULESI
124,AHMET HAMDI TANPINAR BUTUN SIIRLERI
125,AHMET HULUSI EFENDI
126,AHMET KUTSI TECER BUTUN SIIRLERI
127,AHMET KUTSI TECER SIIRLERINDEN SECMELER)
128,AHMET MUHIP DIRANAS SIIRLERINDEN SECMELER
129,AHSAP KONAK
130,AILE OKULU
131,AKAID RISALELERI- ITIKADA DAIR UC RISALE
132,AKDENIZ
133,AKIL LABIRENTI
134,AKIL OYUNLARI 
135,AKIN 5.BASKI
136,AKLINI ARAYAN COCUK (7+)
137,ALAADDININ SIHIRLI LAMBASI - COCUK KLASIKLERI
138,ALACAKARANLIK 
139,ALACAKARANLIK KUSLARI
140,ALAMUT: FEDAILERIN KALESI 
141,ALBREKIN MEZARI
142,ALI BABA VE KIRK HARAMILER - COCUK KLASIKLERI
143,ALI BABA VE KIRK HARAMILER ( ARAPCA)
144,ALICE  HARIKALAR ULKESINDE - COCUK KLASIKLERI
145,ALLAH DOSTU HANIMLAR
146,ALLAH YOLUNUN YOLCULARI
147,ALLAHIN ISIMLERININ SIRLARI
148,ALPARSLANIN AKINCISI ALPEREN -2  SET
149,ALTIN FERMAN
150,ALTIN ISIK GENCLIK KLASIKLERI
151,ALTIN LULE VE UC AYI
152,ALTIN YAPRAKLAR
153,ALTIN YAY
154,AMAK-I HAZAL
155,AMAN OGRETMEN DUYMASIN
156,ANADOLU MASALLARI - COCUK KLASIKLERI
157,ANADOLU MASALLARI-AZ GIDENLER UZ GIDENLER
158,ANADOLUNUN KAYBOLAN MASALLARI
159,ANAHATLARIYLA DINLER TARIHI
160,ANAHATLARIYLA HADIS
161,ANAHATLARIYLA ISLÂM AHLÂKI
162,ANAHATLARIYLA ISLÂM AKÂIDI VE KELÂMA GIRIS
163,ANAHATLARIYLA ISLAM FELSEFESI
164,ANAHATLARIYLA ISLAM HUKUKU (CILT- 3)
165,ANAHATLARIYLA TASAVVUF VE TARÎKATLAR
166,ANAYURT OTELI
167,ANDERSEN MASALLARI COCUK KLASIKLERI
168,ANLIYORUM AMA KONUSAMIYORUM
169,ANNA KARANINA CILT 1
170,ANNA KARANINA CILT 2
171,ANNE DARBE NE DEMEK?
172,ANSIZIN YOLA CIKMAK
173,ANTIKACI
174,ARABA SEVDASI
175,ARAMIZDAKI EN KISA MESAFE 
176,ARDIMDAN AGLAMA
177,ARIFLERIN AYNASI
178,ARITMETIK IYI KUSLAR PEKIYI 34.BASKI
179,ARZAVUL TEPESI (11+)
180,ARZAVUL TEPESI 2:MOLLIMLER
181,ARZIN MERKEZINE SEYAHAT (ARAPCA )
182,ASIL ASLATIR SARAP
183,ASKER SAIME
184,ASINA GUZELLER
185,ASK TERAPI
186,ASK VARDI GERISI YALANDI
187,ASKA DAIR
188,ASKI SOYLEMEK GALIBIN HUNERI/ SEYH GALIP
189,ASKI SERIF
190,ASKIN GOZYASLARI HZ.MEVLANA
191,ASKIN GOZYASLARI KIMYA HATUN
192,ASKIN GOZYASLARI TEBRIZLI SEMS 1
193,ASKNAME
194,ATASOZLERI SOZUN OZUNDEN DUNDEN BUGUNE
195,ATESKIZ ILE TARLAKUSU
196,ATESLI GUL BAHCESI
197,ATESTEN GOMLEK
198,ATTIM KAPAGI YURTDISINA
199,AVUCUNUZDAKI KELEBEK
200,AYA YOLCULUK - COCUK KLASIKLERI
201,AYA YOLCULUK - GENCLIK KLASIKLERI
202,AYASLI ILE KIRACILARI
203,AYINE
204,AYLAK ADAM
205,AYNADAKI YALAN
206,AYRILMAZ IKILI- ALPARSLANIN AKINCISI
207,AZTEK ALTINLARI NEREDE?
208,BABALAR VE OGULLAR
209,BABAM ABDULHAMID
210,BABAMIN MAVI RADYOSU
211,BAB-I ESRAR
212,BABILDE OLUM ISTANBULDA ASK
213,BAHCEDEKI SIR
214,BAHRUL KELAM
215,BAKI HAYATI SANATI VE ESERLERI
216,BALIK CORBASI (7+)
217,BALINA ILE MANDALINA 18.BASKI
218,BALKAN HARBI HATIRALARI
219,BALONLA BES HAFTA - COCUK KLASIKLERI
220,BALONLA BES HAFTA - GENCLIK KLASIKLERI
221,BAMBASKA BIR ULKE AMERIKAYA YOLCULUK
222,BAMBI COCUK KLASIKLERI
223,BANA SESINI BIRAK
224,BANA SANS DILE
225,BANA YILDIZINI SOYLE
226,BARBAROS - DENIZLER FATIHI
227,BARBAROSLA BIR GUN
228,BARBAROSSA- GIZEMLI HAZINE
229,BASIMA YILDIRIM DUSTU
230,BASUCU YALNIZLIGIM
231,BATI NOTLARI                            
232,BATI TEFEKKURU VE ISLAM TASAVVUFU
233,BATIK HAZINENIN PESINDE
234,BEACON CADDESI KIZLARI SERISI / YAZARI: ANNIE BRYANT
235,BEDENIN DILI
236,BEN BUYUYUNCE
237,BEN VE SEN
238,BENIM ADIM MESSI / YAZAN: MICHAEL PART
239,BENIM ADIM NEYMAR / YAZAN: MICHAEL PART
240,BENIM ADIM RONALDO / YAZAN: MICHAEL PART
241,BENIM SUPER DERSLERIM
242,BENIM SUPER MATEMATIGIM
243,BERK MUCIT OLDU
244,BES DUYUMUZ
245,BES KILITLI SANDIK
246,BEYAZ DIS
247,BEYAZ GEMI
248,BEYAZ ZAMBAKLAR ULKESINDE
249,BEZ BEBEKLE KUKLASI
250,BILGIN KIVI
251,BILIMIN ARKA YUZU
252,BILIMIN ONCULERI
253,BILINCLI GENC OLMAK
254,BILLUR KOSK HIKAYELERI GENCLIK KLASIKLERI
255,BILMECE BILEN KIZ
256,BILMECELER - COCUK KLASIKLERI
257,BILYELER
258,BINBASI EMIRE AYSE
259,BINBIRGECE MASALLARI - COCUK KLASIKLERI
260,BINTEPENIN HAYALETI
261,BIR ASIRLIK HUZUN
262,BIR AVUC ATES
263,BIR COCUK BUYUYOR
264,BIR DEGIRMENDIR BU DUNYA
265,BIR DELININ SINAV GUNLUGU
266,BIR DEMET HIKAYE
267,BIR IYI BIR KOTU HABERIM VAR
268,BIR IZ BIRAK BANA
269,BIR KIRLANGICIN DAHA VAR 5.BASKI
270,BIR KUCUK OSMANCIK VARDI
271,BIR SEFTALI BIN SEFTALI
272,BIR YUSUF MASALI
273,BIRAZ GEOMETRI BIRAZ OLCULER
274,BISIKLETIM VIZ VIZ
275,BISEY SOYLICEM AMA GULMEK Yok
276,BITKILER OKULU 7.BASKI
277,BIZE GORE
278,BIZE NE OLDU
279,BOGAZICINDEKI MUCEVHER DOLMABAHCE SARAYI
280,BOSTAN
281,BOSTAN - GENCLIK KLASIKLERI
282,BOCEK DEDEKTIFI
283,BOGURTLEN KISI
284,BOGURTLEN KISI (3 ADET)
285,BRITANYA YOLU
286,BSARIYA GOTUREN AILE
287,BU BOYLEDIR
288,BULMACALAR DIYARINA YOLCULUK
289,BULUT KUS
290,BURSANIN FETHI & ORHAN GAZI HAN -2
291,BUZ ULKESINDE PATLAMA
292,BUZLAR ULKESI
293,BUTUN SIIRLERI/ORHAN VELI 41.BASKI
294,BUYUK FETIH
295,BUYUK HAYATLAR - BUYUK DUSUNCELER
296,BUYUKLERE KUSLU MEKTUPLAR
297,BUYULU KUCUK KITAPLAR 1- TEMIZLIKCI CADI 
298,BUYULU KUCUK KITAPLAR 2- MINIK EJDERHA 
299,BUYULU KUCUK KITAPLAR 3- BAY UZUNCIZME 
300,BUYULU KUCUK KITAPLAR 4- BUYULU SUPURGE SERVISI 
301,BUYULU KUCUK KITAPLAR 5- BUYULU SUPURGE TASIMACILIGI 
302,BUYULU KUCUK KITAPLAR 6- SARMAN MIDILLI 
303,BUYULU KUCUK KITAPLAR 7 -ARKADASIM BIR GRISKOK 
304,BUYULU SARAY VE PRENSES MELEK SIN
305,CAFER EFE
306,CAHIT KULEBI BUTUN SIIRLERI
307,CAN KURTARAN BAYRAM HARCLIGI!
308,CANAVAR YUVASI
309,CANIN SAG OLSUN - DOKTORLAR
310,CASUS MEHMET
311,CEMO
312,CENABI ASKA DAIR
313,CENGIZ HAN’IN MEZARI
314,CENNETIN RENGI 
315,CESUR AKTOR GERCEKLER ORMANINDA
316,CILAL-UL HATIR 
317,CINCIK 3.BASKI
318,CLONMEL’IN KRALLARI
319,CUDUNNI ILIM RISALESI
320,CADIR GUZELI
321,CAGLARI ASAN MEVLANA CAGI
322,CAGLAYANLAR
323,CALI SUPURGESININ SAHIBI
324,CARP YOKSA BEN CARPARIM!
325,CEKIRGE CETIN ( ARAPCA )
326,CIKRIKCI KIZ
327,CILGIN KARPUZ
328,CILE  3.BASKI
329,CIRKIN ORDEK YAVRUSU
330,CIZMELI KEDI
331,COCUK EGITIMI EL KITABI
332,COCUK KALBI - COCUK KLASIKLERI
333,COCUK KALBI - GENCLIK KLASIKLERI
334,COCUK MUHAFIZ
335,COCUKCA
336,COCUKLAR ICIN SUDOKU (10-14 YAS)
337,COCUKLAR ICIN SUDOKU (7-10 YAS)
338,"COK DEGIL, GUZEL YAZAN YASAR"
339,COPLUK 
340,DAG UYKUSU - SECME SIIRLER 6.BASKI
341,DANIS BIR CENNET DELISI
342,DAVID COPPERFIELD - GENCLIK KLASIKLERI
343,DAYIM BALON OLMUS
344,DE JAVU 
345,DEDE KORKUT - GENCLIK KLASIKLERI
346,DEDE KORKUT HIKAYELERI
347,DEDE KORKUT KITABI
348,DEDEM BIR KIRAZ AGACI
349,DEFINE ADASI - GENCLIK KLASIKLERI
350,DEFINE ADASI COCUK KLASIKLERI
351,DEFINEDEKI SIR/ SIMENDIFER COCUKLARI -/SERT KAPAK
352,DEGIRMENIMDEN MEKTUPLAR  GENCLIK KLASIKLERI
353,DELI BALTA ACE YOLLARINDA
354,DELI BALTA MUTHIS SUVARI
355,DELIDOLU ARKADASIM
356,DELIFISEK (YENI KAPAK)
357,DELININ BIRI ARANIYOR
358,DEMIR MASKE - GENCLIK KLASIKLERI
359,DEMIR OKCE (K.KAPAK)
360,DENEMELER
361,DENEMELER CILT 1
362,DENEMELER CILT 2
363,DENEMELER CILT 3
364,DENIZ ALTINDA 20 BIN FERSAH - COCUK KLASIKLERI
365,DENIZ KURDU
366,DENIZ OLSUN ADI
367,DENIZE KUSKUN
368,DENIZLER EJDERI
369,DERIN MAVI ATLAS
370,DERVIS KESKULU
371,DERVISLIGIN ADABI
372,DEV SALGAM
373,DEVIN SARKISI
374,DEVLET
375,DISARIDA NELER OLUYOR? SONSUZ BOSLUK
376,DIL HASTALIKLARI VE KORUNMA YOLU
377,DILIMIZ VE KULTURUMUZ
378,DINI VE AHLÂKI SIIRLER
379,DINLE NEYDEN
380,DIRILIS MUSTUSU 
381,DIRILIS NESLININ AMENTUSU
382,DIVAN EDEBIYATI
383,DIVAN SIIRINDEN SECMELER
384,DIVANE GUZELLER
385,DNA VE HUCRE
386,DOGANIN GIZLI BAHCESI
387,DOGRU YOLUN SAPIK KOLLARI
388,DOGUM- HAYATA MERHABA
389,DOKUZA KADAR ON
390,DOKUZUNCU HARICIYE KOGUSU
391,DOKUZYUZ KATLI INSAN
392,DON KISOT
393,DON KISOT  GENCLIK KLASIKLERI
394,DONDURMAM TILSIM
395,DOSTLUK EKMEGI
396,DONUSU OLMAYAN NEHIR
397,DONUSUM
398,"DORT GUZELLER TORKA, SU, HAVA, ATES"
399,DORT KARDESTILER
400,DORT KOZALAK
401,DUALAR VE AMINLER
402,DUALAR VE ZIKIRLER YOLU
403,DUR BAKALIM PETEK
404,DUVARDAKI KAN
405,DUYGULARIN PSIKOLOJISI VE DUYGUSAL ZEKA
406,DUGUN HEDIYESI
407,DUNYA BIR INKILAP BEKLIYOR
408,DUNYA COCUKLARIN OLSA
409,DUNYAMI UZAYLILARA YEDIRTMEM!
410,DUNYANIN EN YASLI EJDERHASI
411,DUNYANIN MERKEZINE YOLCULUK - COCUK KLASIKLERI
412,DUNYANIN MERKEZINE YOLCULUK - GENCLIK KLASIKLERI
413,DUNYANIN SONU
414,DUNYAYA NIZAM VERENLER FATIH SULTAN MEHMET HAN
415,DUSLER SIRKI
416,DUSLERIN OTESINDE 
417,DUSYUTAN MAGARASI- HAMMIT
418,EBU HANIFE 
419,ECZACIBASI SANAT ANSIKLOPEDISI
420,EDEBI PORTRELER
421,EDEBIYAT VE HAYAT
422,EFENDIMIZIN IZINDE GUNLUK HAYAT
423,EFSANE - BIR BARBAROS - ROMANI
424,EFSANE GUZELLER
425,EFSANE KOMUTAN (ENDULUS SAHINI)
426,EFSANELER ULKESI CINE YOLCULUK
427,EGE KIYILARINDAN ESKI ZAMAN MASALLARI 
428,EGITIMDE 101 ADIM
429,EHLI SUNNET ITIKATI
430,EJDER COCUK
431,EKSIMUS SERUVENLERI 1
432,EKSIMUS SERUVENLERI 2
433,EL IBANI VE USULU EHLI SUNNET
434,EL MUKNIZA MINET DELAL
435,ELDE VAR HIKAYE
436,ELHAMRA: ENDULUS’UN YASAYAN EFSANESI
437,ELIF GIBI SEVMEK
438,ELMA SUYU
439,ELMAS NINEDEN MASALLAR
440,ELVEDA VATANIM
441,EN IYI ARKADASIM OLUR MUSUN?
442,EN IYI ARKADASIMDAN AYRI BIR SENE
443,EN IYI MATEMATIK VE MANTIK BILMECELERI
444,EN YENI ARKADASIM
445,ENA MENA DOSI
446,ENERJI
447,ERGENLIK DONEMINDE 100 TEMEL KURAL
448,ERIK CEKIRDEGI
449,ERTUGRUL GAZI / GIZLI KURUCU
450,ERTUGRULUN OCAGINDA UYANDIK
451,ESIR SEHRIN INSANLARI
452,ESIRLER KALESI- ALPARSLANIN AKINCISI
453,ESKI SOKAK
454,ESKI SIIRIN RUZGARIYLA
455,ESRAR VE RUMUZ
456,ESRARENGIZ BILGIN
457,ESRARENGIZ KOMSU
458,ESRARENGIZ KOMSU GERI DONUYOR
459,ESRARENGIZ YABANCI/ SIMENDIFER COCUKLARI/ SERT KAP
460,ESREF SAAT
461,ESREFOGLU RUMI
462,ETKILEYICI KIMYA DENEYLERI
463,EVCIL BIR BALINAM VAR!
464,EVE GIDEN KUCUK TREN
465,EVLIYA CELEBI SEYAHATNAMESI
466,EVLIYA CELEBININ IZINDE ISTANBUL
467,EVLIYA CELEBIYLE BIR GUN
468,EY OGUL
469,EY YAR GIR KALBIME
470,EYLUL
471,EZGIMIZI KIM CALDI?
472,EZOP MASALLARI  COCUK KLASIKLERI
473,FADIS
474,FAHRENHEIT 451
475,FALAKA GENCLIK KLASIKLERI
476,FARELER VE INSANLAR
477,FARENIN BISIKLETI
478,FATIH HARBIYE
479,FATIHA TEFSIRI
480,FATIH-HARBIYE
481,FATIHLE BIR GUN
482,FATIHLER ATASI ALPARSLAN
483,FATMA SEHER HANIM
484,FAZILETLI AMELLER
485,FELATUN BEY VE RAKIM EFENDI
486,FELICIDAD-MUTLULUK ULKESI
487,FENERDEN TASINAN ISIK
488,FETHIN SULTANLARI
489,FETIH SANCAKLARI
490,FETIH YOLUNDA
491,FIHI MAFIH
492,FIDYE
493,FILDISI AVCILARI
494,FILDISI KULESI- HAMMIT
495,FIZIK BIZE NE ANLATIYOR
496,FIZIK YASALARI UZERINE
497,FIZIKCILER - ELMA DERSEM DUS
498,FORSA / SECME HIKAYELER
499,FRANKFURT SEYAHATNÂMESI 6.BASKI
500,YUNUS EMRE DIVANINDAN SECMELER
