id,salesman_name,salesman_surname,branch_id
1,ALIYE,YAR,1
2,VELI,CAGLAR,1
3,ONER,HONDUR,1
4,UMUT,TEKIN,1
5,HAKKI,ABAT,2
6,NUR,GUNEBAKAN,2
7,FIRAT,KUYUCU,2
8,SEYDA,KAYMAS,2
9,LALE,AKBUDAK,3
10,MELIHA,KUSTIMUR,3
11,GUNAY,GULER,3
12,EFKAN,TURGUT,3
13,CANAN,TANRIKULU,4
14,MARAL,ERAT,4
15,TAYYAR,ARDIC,4
16,AYSU,KUTAN,4
17,ADIL,EDIZ,5
18,AHMETCAN,BAS,5
19,UMRAN,ANKITCI,5
20,ASIM,TURKAY,5
21,ALI,HALUK,6
22,EMIR,MURAT,6
23,DERYA,AYDINER,6
24,ONURHAN,CAKMAK,6
25,ELCIN,AKOZ,7
26,BERFIN,CAN,7
27,OLCAY,ORENC,7
28,GULSUM,SENVER,7
29,ORHAN,ILICA,8
30,OGUZ,OZKANLI,8
31,VACIDE,BAKIR,8
32,SUMEYYE,BOSTANKOLU,8
33,MEHMET,EMRAH,9
34,JULIDE,ZEHRA,9
35,FETHIYE,MUSA,9
36,MUAMMER,OZAY,9
37,TEOMAN,MADEN,10
38,SERHAT,GOZUYUKARI,10
39,GUNES,HORASAN,10
40,BEGUM,GUMURDU,10
41,EMIR,KAAN,11
42,HANIM,CEMIYET,11
43,UNZULE,TUREMENOGULLARI,11
44,AHMET,GOKHAN,11
45,MUHAMMET,TAYYIP,12
46,UNSAL,KONUK,12
47,KEREM,CINPOLAT,12
48,SERKAN,FAZLI,12
49,NURCAN,ERKEN,13
50,GOKBERK,CITIL,13
51,ERDEM,PISKIN,13
52,MUMTAZ,BALIK,13
53,BAHAR,YILMAZ,14
54,BELGIN,ONAL,14
55,AYDAN,BUYUKBAS,14
56,ABDULSEMET,KULDUK,14
57,GOKSU,BASARGAN,15
58,ERAY,ORKCU,15
59,SERIFE,YASEMIN,15
60,BAYAR,KUS,15
61,CIHAN,AKAY,16
62,SENAN,KAVUKOGLU,16
63,SABAHATTIN,HICDURMAZ,16
64,KUTSEV,SEYHANLI,16
65,MAIDE,KASAP,17
66,CEMILE,CIGDEM,17
67,MAHMUT,ESAT,17
68,EMRE,KAGAN,17
69,ZUHRE,AKINOGLU,18
70,AYSENUR,YUMRUTAS,18
71,MUCELLA,USTA,18
72,ANDAC,HIZARCI,18
73,KAZIM,TOKATLIOGLU,19
74,ALARA,SELBI,19
75,ALPER,KATIRANCI,19
76,MUHAMMED,MUCAHID,19
77,MAHMUT,EMRE,20
78,BERRA,BAKLALI,20
79,ERTAN,INCEKARA,20
80,KERIME,RUMEYSA,20
81,IHSAN,DIVARCI,21
82,TUNGA,HOKE,21
83,HABIP,GOKCE,21
84,KARDELEN,EFE,21
85,ACELYA,AKINCI,22
86,MUSTAFA,ASIM,22
87,MEHMET,YILDIRIM,22
88,SONAY,OZDIKMEN,22
89,ALTUG,AKHUN,23
90,BEDRIYE,MUGE,23
91,DERMAN,SOLAKOGLU,23
92,GULDEN,GOKBAYIR,23
93,OZGUR,SINAN,24
94,ARDA,NERMIN,24
95,YILDIRAY,AKYILMAZ,24
96,SEDANUR,SARIKAHRAMAN,24
97,RAMAZAN,GUNDUZ,25
98,RIFAT,CAN,25
99,NILSU,NASUHBEYOGLU,25
100,DEVRIM,SEMIZ,25
101,NURAN,KOKDAS,26
102,HATICE,GURGEN,26
103,NIZAMETTIN,PER,26
104,SEVI,SENSES,26
105,BENSU,ERBAY,27
106,GAMZE,PINAR,27
107,MEDIHA,TOPALOGLU,27
108,IHSAN,BURAK,27
109,SALIHA,DILEK,28
110,IZEL,SOYALP,28
111,ATES,HUSEYNI,28
112,MUSTAFA,GUVENC,28
113,TUGCE,BAYRAKDAR,29
114,CEREN,AKTEMUR,29
115,CANER,AKANSEL,29
116,TEVFIK,OZGUN,29
117,ILAYDA,ATAR,30
118,ERDI,ERDURAN,30
119,MINA,ERTEKIN,30
120,VELAT,ZAFER,30
121,EVREN,DOGRUBUDAK,31
122,METANET,MEHRALI,31
123,OZLEN,EKINCIKLI,31
124,TUNCAY,SARIHAN,31
125,YUSUF,SANCAK,32
126,BERKER,BARCAK,32
127,ABDUL,AZIM,32
128,MERIH,SENEL,32
129,SINEM,SALGALI,33
130,ZUMRUT,ELA,33
131,MERVE,SETENAY,33
132,MAHMUT,BURAK,33
133,MHAIDI,KARACAN,34
134,SERDAL,KOSKER,34
135,KURSAT,SORGUC,34
136,EGE,DERE,34
137,BASAR,CIPLAK,35
138,NAILE,NALBAT,35
139,HASAN,SAMI,35
140,NURETTIN,YANCAR,35
141,ATILLA,KIRHAN,36
142,OZGUNCAN,TOKAY,36
143,MASALLAH,GULDUR,36
144,BENAY,OZMUK,36
145,SEYIT,OZCOLAK,37
146,GULBIN,URUN,37
147,ATAKAN,YAZICIOGLU,37
148,VAZIR,AKBER,37
149,MEHMED,SEVINGIL,38
150,YUSUF,KENAN,38
151,HALIL,IBRAHIM,38
152,SEMANUR,AKKUTAY,38
153,ITIBAR,CAYLAK,39
154,HAVVA,ALTUNKESER,39
155,EMRAH,KEMAL,39
156,DOGA,KAYAYURT,39
157,TALHA,MIZRAK,40
158,GOZDE,GIZEM,40
159,OZDEN,SALTURK,40
160,ESENGUL,CUBUK,40
161,BIROL,OGUTCU,41
162,BAHRI,BASARAN,41
163,SULE,KESGIN,41
164,ULAS,ONDER,41
165,NAFIYE,OZKURT,42
166,MEHMET,FURKAN,42
167,SALIHA,SANEM,42
168,NUH,SAATCIOGLU,42
169,BERRIN,POSTALLI,43
170,CEYDA,OZEK,43
171,REZAN,YUCEBILGIC,43
172,MERVE,NUR,43
173,LEYLA,HAMDEMIRCI,44
174,IRMAK,CEPNI,44
175,ARIF,GUVEN,44
176,DILARA,TUFENK,44
177,OZNUR,COSAR,45
178,DURAN,KULAK,45
179,ILKER,EMLEK,45
180,ALPARSLAN,ULKER,45
181,RESIT,VOLKAN,46
182,RIDVAN,OZATA,46
183,GOKCE,KALYONCU,46
184,MAHPERI,BADEM,46
185,YONCA,ARABACI,47
186,ZELAL,ARARAT,47
187,AYSUN,AKKAS,47
188,KUBRA,AVCI,47
189,MESUT,NIZAM,48
190,OKKES,YILMAZ,48
191,OZEN,HACIEFENDIOGLU,48
192,SEZER,ERENEL,48
193,EMINE,DILEK,49
194,OZER,SAYAL,49
195,NURTEN,SERDAROGLU,49
196,ATIL,DIKEN,49
197,MUHAMMET,DEVRAN,50
198,AYTAC,BOYSAN,50
199,PEYVENT,CILIZ,50
200,SARP,BABADAGI,50
201,ELIF,CEREN,51
202,ATILGAN,OZDER,51
203,YETKIN,OZBEK,51
204,YENER,KALELIOGLU,51
205,ARYA,ALTUNSOY,52
206,KIVANC,SARICANBAZ,52
207,DIDEM,AYSE,52
208,DILAN,OZULU,52
209,GUHER,CUHACI,53
210,ZERIN,ERDAG,53
211,CAGDAS,DEMIRAY,53
212,AYDOGAN,SEYMEN,53
213,ALI,HASAN,54
214,ORCUN,UGUZ,54
215,NAIL,USUL,54
216,MELIHA,ESRA,54
217,OKTAY,KARAKULAK,55
218,ALEYNA,YADIGAROGLU,55
219,SEYMA,ALAGOZOGLU,55
220,NURMUHAMMET,BASKAN,55
221,SEVDA,DAMAR,56
222,CAGLANUR,GULSOY,56
223,OGULCAN,GEYIK,56
224,SANER,ALTUNA,56
225,HIDIR,COMUT,57
226,CEYHAN,SELEK,57
227,NEZIR,OZUGU,57
228,OZGUL,BEREKET,57
229,MAHIR,YENIGUN,58
230,ISIL,TASPINAR,58
231,DILA,ZEYLI,58
232,SEVDE,NUR,58
233,AYSE,FULYA,59
234,SIMGE,DEMIRSOY,59
235,AHMET,EMRE,59
236,SEHER,DUMLU,59
237,SAHABETTIN,TALAN,60
238,ZEKIYE,GUMUSBAS,60
239,ZEKI,BALEVI,60
240,EFRUZ,KANSU,60
241,SULEYMAN,SERDAR,61
242,GONCAGUL,ASAN,61
243,MELAHAT,BAGCIOGLU,61
244,MUMUN,FATIH,61
245,MEHRI,COKER,62
246,SUREYYA,BURCU,62
247,CEM,OZGUR,62
248,BILAL,CETEMEN,62
249,MUTTAKI,BORKLU,63
250,CENK,TURKASLAN,63
251,LUTFI,ATES,63
252,FATIME,KAYKA,63
253,MEHMETCAN,BASAK,64
254,ARMAN,OZGAN,64
255,DEMREN,ESFER,64
256,KAMERCAN,OZKOSE,64
257,SUNAY,ONGUN,65
258,SELMA,DIKICI,65
259,ELIZ,YUCETURK,65
260,SEMA,CIMEN,65
261,MEHMET,GOKCE,66
262,MUCADIYE,OZFINDIK,66
263,MUSTAFA,ERSAGUN,66
264,HACI,PAZIR,66
265,YAGMUR,BOZBAS,67
266,HYUNER,ERGIN,67
267,NEVROZ,EYIOL,67
268,HEDIYE,BILDIK,67
269,GULBUKE,GEZICI,68
270,HILMI,YAKAR,68
271,EMRE,SUVERAN,68
272,GOKTEKIN,TOPLUOGLU,68
273,MUSLIM,DEMIREZ,69
274,SAHIN,BOYUK,69
275,CANSIN,KIZANOGLU,69
276,SAADET,KUCUKYILDIZ,69
277,CEYLAN,YORGANCI,70
278,GULNAME,MANAV,70
279,VEDAT,OZYAZICI,70
280,SEYHMUS,AY,70
281,TAYFUR,TASCI,71
282,SENAY,SULUK,71
283,MEHMET,KORAY,71
284,TURGUT,TANRIOVER,71
285,ZUHTU,BENER,72
286,SERAY,KOYUNCU,72
287,ECENUR,EYISOY,72
288,HABIBE,AYAN,72
289,NEJDET,ISIKCI,73
290,DURSUN,ELCIN,73
291,TAMER,ATAN,73
292,METE,KAYACAN,73
293,YAREN,BAGCIK,74
294,SEVGI,AMIROVA,74
295,HAMDIYE,KUCUKCERAN,74
296,MUSERREF,CICEKBILEK,74
297,NECMIYE,GUL,75
298,MUBERRA,OZGUR,75
299,MEHMET,GULEC,75
300,URAL,ILBAS,75
301,ELIFCAN,FILIZAY,76
302,SIDDIKA,EVLER,76
303,FATIH,AVNI,76
304,KERIM,AKYUZ,76
305,HASRET,ALPSAN,77
306,ENDER,BERENT,77
307,MUHAMMET,GOKSOY,77
308,SULEYMAN,GINIS,77
309,ZEYNEP,GOKCE,78
310,EVRIM,ULGEN,78
311,FATIH,NAZMI,78
312,YASER,AKDOGAN,78
313,INANC,YUMAK,79
314,TAHSIN,BATUHAN,79
315,FATMA,DUYGU,79
316,EZGI,HALICI,79
317,SEZAI,HOCAOGLU,80
318,OZTAN,DADLI,80
319,ISA,CAVDAR,80
320,ONUR,KADIR,80
321,YUCE,BILGIC,81
322,COMERT,SARP,81
323,BINNUR,ISPIR,81
324,MUCAHID,YAVUZCAN,81
325,RESA,IVACIK,82
326,ISMAIL,SENOL,82
327,CAGLA,UZUNLU,82
328,EMEL,SENLIK,82
329,NURI,ANIL,83
330,BAVER,OKTAY,83
331,SADIYE,SELIN,83
332,KEMAL,KAYLAN,83
333,HAYATI,CAN,84
334,GULHANIM,OLCER,84
335,AKSEL,SAHBAZ,84
336,SUKRU,AKCINAR,84
337,HACI,HASAN,85
338,OSMAN,AKBAL,85
339,ZUHAL,GULSUM,85
340,ABDURRAHMAN,TAYSI,85
341,MEHMET,OZER,86
342,BERFU,ISSI,86
343,AYSEL,PAYAS,86
344,BILGI,KAVLAK,86
345,GULDEN,SINEM,87
346,BERAAT,MESCI,87
347,TUBA,YESILOVA,87
348,AHMET,ALI,87
349,MUHAMMET,BAGBUR,88
350,EMEL,CENNET,88
351,BUSRA,SADI,88
352,HALIL,CANSUN,88
353,OZCAN,TULUCE,89
354,SANCAR,GONCU,89
355,GULDEHEN,TANIR,89
356,CEM,INAN,89
357,VOLKAN,AKCABAY,90
358,ECECAN,KARASU,90
359,BERCEM,ESEN,90
360,BELMA,GULYURT,90
361,HALIS,DOGUALP,91
362,CEMAL,TAYYAR,91
363,ABDULHALIM,CUBUKTEPE,91
364,LATIFE,SARAN,91
365,SARUHAN,BULTER,92
366,KASIM,OGUZSOY,92
367,SAVAS,BARISAN,92
368,BERIL,ACILAR,92
369,MUSTAFA,CIHAD,93
370,OMER,MERTSOYLU,93
371,MAZLUM,DALKIRAN,93
372,ERDINC,BODUROGLU,93
373,HUSEYIN,CAHIT,94
374,SAHINDE,KARPUZOGLU,94
375,MUSTAFA,TURAN,94
376,VOLKAN,ONUR,94
377,ERDALCAN,TURKYILMAZ,95
378,ISMAIL,MIKDAT,95
379,BULUT,KUFECILER,95
380,SABIHA,ILERI,95
381,AYTEKIN,ERDEM,96
382,CEBRAIL,CINBIZ,96
383,MUHAMMED,HASAN,96
384,MUHAMMED,FURKAN,96
385,NEVRIYE,PARLAK,97
386,GULSEN,AYVALI,97
387,OSMAN,SALIH,97
388,ALAYCA,SIMSIR,97
389,OZKAN,UZ,98
390,SERTAC,DUR,98
391,NAZMIYE,BUKUM,98
392,OLCAY,BASAK,98
393,MUSTAFA,ALI,99
394,RUTKAY,KARKIN,99
395,GOKNUR,BAZ,99
396,HUSEYIN,ONUR,99
397,GOZDE,KUBRA,100
398,ESMA,OZLEM,100
399,EDA,ILKYAZ,100
400,CAGATAY,KAMACI,100
401,BELGIN,EMINE,101
402,NAZ,KONURALP,101
403,KADIR,SANHAL,101
404,SIMAY,SALKACI,101
405,DEMET,BALABAN,102
406,SALIM,AKTEPE,102
407,SERRA,BACAKSIZLAR,102
408,SIRIN,SUNGAR,102
409,RASIM,KIRCI,103
410,ABDULSAMET,ALTUNOGLU,103
411,ALAADDIN,YILDIRAN,103
412,BIRGUL,TEPECIK,103
413,BIRGUN,DEMIR,104
414,NERIMAN,BABA,104
415,SAMI,KAHRAMAN,104
416,GULNAZ,GULSEN,104
417,CEYLIN,ELVERDI,105
418,ESEN,IBRAHIM,105
419,ADA,CATAK,105
420,SUMEYRA,ALPINAR,105
421,ITIR,KOCKAN,106
422,MEHMET,SELAMI,106
423,DUCEM,TEMEL,106
424,AKAY,URFALI,106
425,AYSE,GIZEM,107
426,TUGCE,KOL,107
427,ELIF,TUGCE,107
428,DERAM,DEMIROZ,107
429,FEYZAHAN,KARAGOLLU,108
430,DUHAN,COLBAY,108
431,ZEHRA,YOZGAT,108
432,BERFIN,GOKTEN,108
433,ELIF,ASOGLU,109
434,NACIYE,ALBAS,109
435,NEBI,KOCA,109
436,SENEM,UMUTLU,109
437,FIKRET,KOYLU,110
438,BANU,KARAPINAR,110
439,FATIH,TARKAN,110
440,SABRI,BASAR,110
441,ABDULSAMET,PIRIM,111
442,MAHDI,KANKILIC,111
443,TURAN,BASDAS,111
444,MUHAMMED,SAMI,111
445,ONUR,CORUT,112
446,CAHIT,KIVRAK,112
447,MEHTAP,YANIK,112
448,EMCED,GULEN,112
449,MAHSUM,KAYTANCI,113
450,MUNKH-ALDAR,AYTAR,113
451,GULIZ,ORMAN,113
452,ISIK,MELIKE,113
453,YELDA,SOZEN,114
454,KORAY,KAPLAN,114
455,EYUP,SARGIN,114
456,NIHAT,ATABEY,114
457,MAHMUT,BAKIR,115
458,TEYFIK,MUJDECI,115
459,ABDULMELIK,CANTEZ,115
460,SALIH,SUMBULLU,115
461,BURCIN,OTER,116
462,DEVRAN,ERKAL,116
463,UMMU,GULSUM,116
464,IBRAHIM,TASDEMIR,116
465,TAHACAN,SENOZ,117
466,ALI,MUHARREM,117
467,OZGE,CICIOGLU,117
468,AHMET,CAN,117
469,MUAMMER,MUSLIM,118
470,BEYZA,ERKURAN,118
471,FERHAT,BUMIN,118
472,SERIF,CAVLI,118
473,NAGIHAN,OCAL,119
474,SEMRA,BAGIRSAKCI,119
475,OLGAC,EMELI,119
476,SELAHADDIN,SAYDAM,119
477,BARAN,YAYLI,120
478,MEHMET,DIRIM,120
479,CEVDET,SAG,120
480,HALE,TASKIN,120
481,EGEMEN,AKARCA,121
482,TOLGA,ESENTUR,121
483,SONGUL,TEMLI,121
484,ASLAN,HIMMETOGLU,121
485,NEFISE,SAVAS,122
486,DOGUHAN,SOBAY,122
487,FULYA,KIYAK,122
488,MELDA,YAKUT,122
489,VEYSEL,SEYHAN,123
490,EMIR,CILEK,123
491,UMUT,SEDA,123
492,SEVGUL,VURAL,123
493,CAN,ARSLAN,124
494,AYBUKE,SONAY,124
495,BORA,CEBECIOGLU,124
496,BICEM,CEKEREK,124
497,OZGUR,BAGCAALTI,125
498,TUTKU,GUNDEBAHAR,125
499,FIRDEVS,DINC,125
500,MURSELIN,BOSTANCI,125
501,SINAN,GEL,126
502,ECENAZ,ATA,126
503,BAYRAM,TUTAR,126
504,RUYA,YILMAZ,126
505,VAHIDE,CANKAYA,127
506,TUGBA,SELVI,127
507,ALIRIZA,KUCUK,127
508,MUSACIDE,ZEHRA,127
509,ASIYE,BURCU,128
510,EMIS,OZDEMIR,128
511,SEVGIN,EREL,128
512,ONURCAN,YENER,128
513,ADNAN,GAYRETLI,129
514,SEVAY,OZYESIL,129
515,ONDER,TIRIN,129
516,BATUHAN,SOLAK,129
517,AYCAN,HASSAN,130
518,GUNEY,CAKIR,130
519,MUSA,KOCATURK,130
520,MEVSIM,BOLATTURK,130
521,SEMA,NILAY,131
522,KIVILCIM,ATAS,131
523,KAMURAN,TEKELI,131
524,NEHIR,YAYIKCI,131
525,TAHA,CAKALOGLU,132
526,EMINE,AYCA,132
527,BILAL,BARIS,132
528,HANIFE,KARADIKEN,132
529,GAMZENUR,KISA,133
530,DENIZHAN,ZENGIL,133
531,ZUHAL,UN,133
532,DERYA,PINAR,133
533,AHMAD,TAHER,134
534,BULENT,BARAN,134
535,BILGE,MERVE,134
536,HAYATI,MAZLUM,134
537,ALP,COLAKOGLU,135
538,SELIN,HOSER,135
539,SERKAN,TUFAN,135
540,ERCAN,AKCAN,135
541,UNALCAN,KURUL,136
542,SELCUK,BELDER,136
543,ILKIN,MUTLUER,136
544,NURI,SENOL,136
545,ILGAZ,BATCIK,137
546,ERDEM,CAN,137
547,MEHMET,NURI,137
548,PELINSU,DILLI,137
549,KONURALP,OSMAN,138
550,AYSE,GUL,138
551,RECEP,GANI,138
552,NURIYE,KUTUKCU,138
553,SEVTAP,KEBAPCILAR,139
554,DURIYE,TAMIR,139
555,YUSUF,ALPER,139
556,MURSEL,KUMBUL,139
557,MINE,CANSU,140
558,HICRAN,KAYA,140
559,MESUDE,CUKURLUOGLU,140
560,MUSTAFA,FERHAT,140
561,KUBILAY,ERASLAN,141
562,MEHMET,VEYSEL,141
563,TURGAY,TAS,141
564,FERDI,IMIRZI,141
565,AYHAN,GOKMEN,142
566,OKKES,DURAN,142
567,HACI,KEMAL,142
568,SERHAT,BURKAY,142
569,SEZEN,BAHCECI,143
570,SUNA,ISLAK,143
571,SEYFETTIN,OZCELIK,143
572,ESIN,SEREN,143
573,SUKRAN,HAKYEMEZ,144
574,VOLGA,MOLLAMAHMUTOGLU,144
575,ALISAN,GOLCUK,144
576,IREM,CERMIKLI,144
577,HISAR,CAN,145
578,BEYHAN,TURKER,145
579,ZEHRA,BETUL,145
580,MUSTAFA,BARAN,145
581,UGURCAN,PIRI,146
582,FADIME,SEVGI,146
583,CIHAT,CABUK,146
584,RABIA,SEBNEM,146
585,MURUVET,KARATOPRAK,147
586,GANIM,SIRZAI,147
587,EMIRHAN,KACIRA,147
588,ILGIN,TAN,147
589,YASAR,BARBAROS,148
590,HASAN,SERKAN,148
591,METE,CAN,148
592,HULUSI,KOCAKOGLU,148
593,CAGAN,BASYURT,149
594,UFUKCAN,SEKERLI,149
595,NAZIRE,CAMCI,149
596,KENAN,ATICI,149
597,BERTUG,KILAVUZ,150
598,NILAY,SEVDIYAR,150
599,SAFIYE,IRDELP,150
600,GULSEN,SEKIN,150
601,UMMUHAN,KELESCE,151
602,SEBAHAT,AKCAY,151
603,BATURAY,CAGIL,151
604,ZEMZEM,KESIK,151
605,ENES,TAHIR,152
606,ILKAY,CABADAK,152
607,LEVENT,PETUK,152
608,ABDULGAFUR,ATESLI,152
609,ALMALA,PINAR,153
610,BUNYAMIN,SELIMAN,153
611,SAFA,AKSOY,153
612,SABAN,UZUNCA,153
613,SAADET,NILAY,154
614,MEHMET,DENIZ,154
615,TURKAN,TOKTAS,154
616,REGAIP,ABSEYI,154
617,MEHMET,EVREN,155
618,BENGU,HEDIK,155
619,KEZBAN,DINCER,155
620,SAMET,DAL,155
621,ERGUN,EVKURAN,156
622,ISITAN,KUCUKALI,156
623,MEHMET,NEDIM,156
624,BEYTUR,EZER,156
625,HASAN,ULAS,157
626,TIMUR,CETER,157
627,OSMAN,TURGUT,157
628,SERAP,BAGLI,157
629,MUSTAFA,ABDULLAH,158
630,EBUBEKIR,ONUR,158
631,EYUPCAN,CIHAN,158
632,SITKI,KONAR,158
633,HASAN,CIVAN,159
634,SIDAR,TASKAYA,159
635,AYSE,CEREN,159
636,KUMSAL,ULUDAG,159
637,MUSTAFA,MARTIN,160
638,ELIF,NUR,160
639,FIGEN,KOTAN,160
640,ASUDAN,TUGCE,160
641,HAZAL,KARAER,161
642,ELZEM,KARSLIOGLU,161
643,CEM,ATAKAN,161
644,GOKMEN,KIZMAZOGLU,161
645,ERTUNC,ONUR,162
646,SERDAR,BORA,162
647,MERIC,KIZILKAYA,162
648,DEGER,KARAAGAC,162
649,FETHI,IBRAHIMGIL,163
650,DAMLA,ANADOL,163
651,CEMILE,AYSE,163
652,SUZAN,KOC,163
653,RABIA,KARAMANLI,164
654,SUAT,SERIN,164
655,YUSUF,EMRE,164
656,FATMANUR,CAMELI,164
657,ASLIHAN,TOPCUOGLU,165
658,ATIYE,MELTEM,165
659,ALI,KEMAL,165
660,FEVZI,FIRAT,165
661,HALENUR,DURGUT,166
662,SEDAT,SOGUT,166
663,CEBBAR,GURELI,166
664,ENNUR,ALI,166
665,SAAZA,KAYADIBI,167
666,HASIBE,ALKAC,167
667,MAHMUT,ARDA,167
668,HAMZA,BUYUKKAL,167
669,ISILAY,GUNDOGAN,168
670,TEKIN,AYDUGAN,168
671,REHA,ILGUN,168
672,DIDAR,GEYIR,168
673,TOYANC,GAYRETLI,169
674,MEHMET,OZGUR,169
675,ESRA,KAPAR,169
676,FATMA,BEGUM,169
677,AYLIA,ASIK,170
678,MAHMUT,SAMI,170
679,ADEM,TARLAKAZAN,170
680,ALEV,MERSIN,170
681,HACI,HALIL,171
682,TAYYAR,ALP,171
683,GOKMEN,ALPASLAN,171
684,BENHUR,SIRVAN,171
685,GUROL,MURATHAN,172
686,GOZE,SENDENIZ,172
687,IBRAHIM,HALIL,172
688,FATMA,ECE,172
689,MARIA,MART,173
690,OGUZ,KAAN,173
691,HATUN,GURPINAR,173
692,NEBAHAT,COBAN,173
693,MERVE,KURSUN,174
694,PAPATYA,ACARBULUT,174
695,CIGDEM,HANCIOGLU,174
696,CEVAHIR,BOBUSOGLU,174
697,AYSE,PINAR,175
698,CILE,SERBETCI,175
699,FAIK,OFLUOGLU,175
700,BEDREDDIN,OKTAR,175
701,ZEKERIYA,AYAR,176
702,TANSU,YORULMAZ,176
703,CAHIDE,TEN,176
704,HALUK,ULKU,176
705,TOLGA,CAN,177
706,SELAMI,SEN,177
707,AHMET,BILGEHAN,177
708,SAMIME,SUGUT,177
709,IRFAN,YILDIRIM,178
710,IDRIS,BUGRA,178
711,RENAN,BILGIN,178
712,ATAHAN,SIVRIKAYA,178
713,TOLGAHAN,KIRISCIOGLU,179
714,YILDIRIM,YAZGAN,179
715,RUSEN,TURKEL,179
716,CUNDULLAH,INANC,179
717,G,DEVELI,180
718,EROL,SARIKAYA,180
719,HIMMET,PEYNIRCI,180
720,ABDULLAH,OZEKLI,180
721,SIBEL,ERSANLI,181
722,GOZDE,USLU,181
723,ZEYNEP,EZGI,181
724,CEMRE,CENETOGLU,181
725,ELIF,NIHAL,182
726,GULFIDAN,BURKUK,182
727,EKREM,BAHADIR,182
728,HASIM,ONUR,182
729,BADE,YASIT,183
730,AYLIN,SEVIL,183
731,SUHEYLA,AYCA,183
732,TEVFIK,PIYADE,183
733,MUSTAFA,KURSAT,184
734,GOZDEM,HERSEK,184
735,MEHMET,SUPHI,184
736,SEDEF,OSHAN,184
737,ISMAIL,YAVUZ,185
738,DEMIR,DAYI,185
739,ERSEN,HELVACIOGLU,185
740,ARZU,AYDIN,185
741,MAZIN,GULCAN,186
742,BERIL,GULUS,186
743,KUMRU,KARATAS,186
744,UBEYDULLAH,TOSUR,186
745,BAHATTIN,UYGUN,187
746,GULCAN,MAHLI,187
747,BILGE,DORUK,187
748,UFUK,MAGATUR,187
749,DOGUKAN,AHUNBAY,188
750,NURHAN,ALUCLU,188
751,HIKMET,EKIN,188
752,GOKCAN,BICAKCI,188
753,SAIM,ARAC,189
754,RAHIME,DERYA,189
755,HASAN,SARLAK,189
756,COSKUN,SURMEN,189
757,FERIT,ARPACI,190
758,NEZAKET,AYSEN,190
759,FUAT,ERNIS,190
760,ISHAK,KAVURGACI,190
761,BERRE,EVCI,191
762,UGUR,TOKMAK,191
763,GOKTEN,TURKKAN,191
764,YAHYA,KURTPINAR,191
765,SEYFULLAH,SEVKETFEROGLU,192
766,ASUMAN,DASDEMIR,192
767,MEHMET,YAVUZ,192
768,GOKTUG,KUDAY,192
769,MUZAFFER,OGUZ,193
770,AHMET,ETYEMEZ,193
771,GULSAH,OZATES,193
772,MUKADDES,BIYIK,193
773,CANSUNUR,CALISICI,194
774,DENIZALI,ILHAN,194
775,ESRA,NUR,194
776,EMRAH,GOKCEK,194
777,EMRE,MERTER,195
778,ABDURRAHMAN,FUAT,195
779,ATACAN,RAMADAN,195
780,UNAL,HALHALLI,195
781,ONAT,KOCAYIGIT,196
782,TAYFUN,KESER,196
783,HAYRUNNISA,GENCPINAR,196
784,BURHAN,CAPUTCU,196
785,EZGI,GIZEM,197
786,GAMZE,KURTCA,197
787,SEVINC,CATUK,197
788,UYGAR,BULUC,197
789,AHMET,MERT,198
790,HACI,MEHMET,198
791,VAHDETTIN,TALHA,198
792,GIRAY,ERGINTURK,198
793,FEVZIYE,YENIN,199
794,NAZIM,MAVI,199
795,HILAYDA,TURAC,199
796,BERAY,COSGUN,199
797,DIDEM,KUNUCEN,200
798,BIRSEN,BOGA,200
799,RANA,BAGDATLI,200
800,SEYMA,MELIHA,200
801,ZAFER,TEKSIN,201
802,IZZETTIN,UZUNCAKMAK,201
803,RECEP,GENEZ,201
804,ELIF,CILER,201
805,MUJDAT,DUYSAK,202
806,TAYLAN,UGUR,202
807,HAYDAR,EMLAKCIOGLU,202
808,CEYHUN,VEZIROGLU,202
809,YUKSEL,UGUR,203
810,AYNUR,CIBIK,203
811,AYSE,NUR,203
812,SEYRAN,ASIG,203
813,SELIM,ELGORMUS,204
814,EMRECAN,GOKGOZ,204
815,SEYHAN,BORAN,204
816,FERAY,TIYEK,204
817,YIGIT,EBINC,205
818,FARUK,UZUN,205
819,OMER,OZKAN,205
820,ARIFE,ESRA,205
821,ALI,SAIP,206
822,IKLIL,CENGIZ,206
823,MELIA,BALTACI,206
824,UTKU,ATLANOGLU,206
825,ASLIHAN,ESRA,207
826,JIHAT,ARIFOGLU,207
827,RUKIYE,GUNCAN,207
828,MIHRIMAH,SELCEN,207
829,SERVET,ERTAN,208
830,MERYEM,ONURDAG,208
831,UMIT,OCAKTAN,208
832,PELIN,GORMUSOGLU,208
833,KADER,OLCAR,209
834,NARIN,PEKGOZ,209
835,OMER,FARUK,209
836,SEVVAL,KUCUKOZKAN,209
837,NISA,MEHMET,210
838,EFE,CECEN,210
839,VEYSI,KAYNAK,210
840,NIHAT,BERKAY,210
841,AYCA,UNLU,211
842,HALILIBRAHIM,TACIR,211
843,ISMAIL,OLCUCU,211
844,DERYA,SEMA,211
845,IBRAHIM,TAYFUN,212
846,HUSNU,CICEK,212
847,SEREN,GENCAN,212
848,BETUL,CIDIK,212
849,RAIF,ULU,213
850,REFIK,KARAKOSE,213
851,CANSU,OZCANLI,213
852,NECIP,ALPARSLAN,213
853,ZULFIYE,BALAL,214
854,CEM,BASER,214
855,MUAMMER,HAYRI,214
856,NURDAN,KANNECI,214
857,NUMAN,MUSLU,215
858,GOKAY,MORGUL,215
859,AHMET,SERKAN,215
860,MUMUN,ISIK,215
861,PERVER,AFSAR,216
862,YUKSEL,KOYCU,216
863,ORGUL,DERYA,216
864,MUSTAFA,GURHAN,216
865,PERIHAN,CIFCI,217
866,MAKBULE,LEVENT,217
867,TULAY,AKEL,217
868,SEZIN,SERVET,217
869,MUHAMMET,MUSTAFA,218
870,FERDA,ARSLANGIRAY,218
871,VEHBI,KALIPCI,218
872,YUSUF,ZIYA,218
873,EVRE,TURK,219
874,ALI,BURC,219
875,TANJU,ALPEREN,219
876,CANSU,SELCAN,219
877,GUNDEM,ARIKAN,220
878,EFSANE,DOGRUOL,220
879,BARIS,ARSAL,220
880,SELIM,OZAN,220
881,EYYUP,YASSI,221
882,AYSE,GULCIN,221
883,NURBANU,BABACAN,221
884,HUKUK,OZBEYLER,221
885,GULTEKIN,GUNHAN,222
886,NAZIFE,GORENEKLI,222
887,MUTLU,ICBAY,222
888,DORUK,ARSLAN,222
889,CEMILE,AKBABA,223
890,YAVUZ,SELIM,223
891,YUSUFCAN,SARAY,223
892,AHMET,SERCAN,223
893,DIANA,ERGULU,224
894,AHMET,FURKAN,224
895,DILAY,GOKTEPE,224
896,SEZGIN,BORLU,224
897,MEHMET,HUSEYIN,225
898,HALID,ESMERAY,225
899,NEBIL,BOZKURTER,225
900,HUSEYIN,YAVUZ,225
901,MUGE,CILOGLU,226
902,MEHMET,VEHBI,226
903,SERPIL,DELEN,226
904,EBRU,CENK,226
905,UMUT,SINAN,227
906,CAGRI,OKUYUCU,227
907,MUSTAFA,KEMAL,227
908,MUMUNE,DUZKALIR,227
909,MELIS,OZAN,228
910,BURKAY,DOGER,228
911,GULCE,OZIS,228
912,NURULLAH,ACIK,228
913,BARKIN,AKSEL,229
914,OKAY,CANSEVER,229
915,IBRAHIM,FUAT,229
916,GULEN,ECE,229
917,EDAGUL,SAMSA,230
918,TARKAN,BERKTAY,230
919,NURCIN,KORKMAZ,230
920,IDIL,GURSOY,230
921,AYSEN,SAHINER,231
922,AYKAN,KARAALP,231
923,YUSRA,OZMADEN,231
924,ESIN,GOKSEL,231
925,GOKHAN,KARAKOK,232
926,OKKES,CELIL,232
927,SABRI,SEFA,232
928,SELDA,BOLUK,232
929,NIMET,DIDEM,233
930,BEDRI,AKUREK,233
931,DUYGU,EKINCI,233
932,PETEK,ALAYBEYOGLU,233
933,FUNDA,BUYUKCAM,234
934,SALIHA,HAYVACI,234
935,NECMI,SIVGIN,234
936,KALENDER,CILVE,234
937,UZEYIR,ALPASLAN,235
938,BETUL,EMINE,235
939,IRAZCA,BACAK,235
940,HAYRI,YIGIT,235
941,OMER,GOKHAN,236
942,AYDIN,MERT,236
943,CANBERK,GULENAY,236
944,CEM,YASAR,236
945,MINE,KARAMAN,237
946,FADIL,DERIN,237
947,NIL,ARMUTCU,237
948,MELIH,SACINTI,237
949,HACI,MURAT,238
950,KORHAN,BUBER,238
951,RUKIYE,OZDEN,238
952,FATIH,RIFAT,238
953,SUREYYA,ISCAN,239
954,EYUP,GOKHAN,239
955,SELCEN,CAVUS,239
956,BEKIR,BASPINAR,239
957,ENVER,KIZMAZ,240
958,MUZAFFER,BUDUNOGLU,240
959,GURBET,KIZILCIK,240
960,DENIZ,ARMAGAN,240
961,MUHAMMED,FATIH,241
962,TEVHID,KUTLUCAN,241
963,AYBEGUM,BOZKUS,241
964,BELIZ,AYTEKIN,241
965,BALKI,ALTUNTAS,242
966,HAZAN,DEGER,242
967,GORKEM,OKTEM,242
968,MUHAMMED,NURI,242
969,NEVIN,BARUT,243
970,IPEK,EKICI,243
971,FATIH,MEHMET,243
972,MERVENUR,DEGERLIYURT,243
973,YASAR,GOZDE,244
974,AYSIN,YURDSEVEN,244
975,HAMDI,KABAKUS,244
976,GULCIN,SAYLAM,244
977,SIMIN,ERKOSE,245
978,ANIL,ARITAN,245
979,TURKULER,TOPCU,245
980,SEFA,GURCAN,245
981,SERHAN,ALADAG,246
982,ILYAS,BAHAT,246
983,IMREN,TUGRUL,246
984,BURCU,TOHUMOGLU,246
985,SEMIH,ARK,247
986,SEVIL,MORAN,247
987,BURHANETTIN,USTABULUT,247
988,DOGAN,ALBEN,247
989,ZAHIDE,TEMIZ,248
990,KAAN,SUAT,248
991,TAHSIN,GENCER,248
992,KAAN,ULUTAS,248
993,RAMAZAN,FERHAD,249
994,SAFAK,ARAL,249
995,CEMIL,YENEL,249
996,EMIRCAN,UYLUKCU,249
997,FERIDE,BORTA,250
998,TIMUCIN,KAYABAS,250
999,ENGIN,OZKOKER,250
1000,ESRA,CAN,250
1001,MAHMUT,ESAT,251
1002,SEVDE,NUR,251
1003,GULNAME,CERIK,251
1004,ALAYCA,TOPCUOGLU,251
1005,YUSUF,ALPER,252
1006,HATICE,NILDEN,252
1007,ELVEDA,YARBIL,252
1008,ERAY,MIRZA,252
1009,IMREN,GEYIR,253
1010,NEBAHAT,KOTTAS,253
1011,MUSTAFA,TURAN,253
1012,LUTFU,OZAY,253
1013,CEYHUN,AYYILDIZ,254
1014,ESER,DISLI,254
1015,DERMAN,SEVUK,254
1016,HALIS,PEKEL,254
1017,MEHMET,RASIT,255
1018,HACI,OMER,255
1019,MURATCAN,OLCAY,255
1020,MUSTAFA,RASID,255
1021,NIZAMETTIN,OZGER,256
1022,CEMILE,AYSE,256
1023,CENGIZ,SAYGIN,256
1024,BURKAY,CICEK,256
1025,NUR,DURNA,257
1026,CEMILE,CIGDEM,257
1027,ORCUN,ORAL,257
1028,SEYFI,HOSER,257
1029,OVUNC,BUDUN,258
1030,MEHMET,IKBAL,258
1031,ORKUN,GURBOSTAN,258
1032,ALI,KEMAL,258
1033,GOKCAN,KANBUR,259
1034,ALIRIZA,BUDAK,259
1035,SONAY,ORHAN,259
1036,MUSTAFA,CIHAD,259
1037,FAIK,SURUCU,260
1038,SEZGI,ASULA,260
1039,IBRAHIM,HALIL,260
1040,BERKAY,BARATALI,260
1041,RAZIYE,DAMLA,261
1042,SEVGIN,TANINMIS,261
1043,BEKIR,SARIKAHRAMAN,261
1044,REZZAN,ONER,261
1045,HAZAN,YAKUT,262
1046,KEMAL,TULPAR,262
1047,NAZLI,HILAL,262
1048,UGURCAN,GORENEKLI,262
1049,BELIZ,IBRAHIMGIL,263
1050,KIYMET,YUCEBILGIC,263
1051,HACER,ONAT,263
1052,DEGER,TANIN,263
1053,MAHMUT,BAKIR,264
1054,YELIZ,AHCI,264
1055,YASIN,KESKEK,264
1056,UMMU,GULSUM,264
1057,ISITAN,OKUDAN,265
1058,FILIZ,BATTAL,265
1059,ISIK,AKUREK,265
1060,FATMA,ECE,265
1061,AYSE,AHSEN,266
1062,ZUBEYDA,ERTURAN,266
1063,IKLIL,UZDURMEZ,266
1064,GOKMEN,ALPASLAN,266
1065,HILAL,AKOZ,267
1066,ALPARSLAN,ARIKAN,267
1067,AYTAC,GURUN,267
1068,SIBEL,CINPOLAT,267
1069,ELIF,SELVIOGLU,268
1070,TUBA,HANIM,268
1071,ABDULKADIR,GELEGEN,268
1072,ENES,TAHIR,268
1073,IDRIS,BUGRA,269
1074,SUREYYA,ULAS,269
1075,HIMMET,GULLU,269
1076,AYDOGAN,SARICANBAZ,269
1077,JULIDE,ZEHRA,270
1078,ALI,SAID,270
1079,HAMDI,KARAMAHMUTOGLU,270
1080,BUSE,AKMAZ,270
1081,YIGIT,CAN,271
1082,CAFER,DURMAN,271
1083,LALE,ALAGOZOGLU,271
1084,GONCAGUL,DINCER,271
1085,ILAYDA,DUZEN,272
1086,SIRRI,DOGA,272
1087,RENAN,TUGLU,272
1088,IBRAHIM,BARIS,272
1089,HACCE,TUNCALI,273
1090,SEYMA,SEGMEN,273
1091,EMRE,KAGAN,273
1092,SEZAI,MEMIS,273
1093,MEHMET,DENIZ,274
1094,ESENGUL,TAMER,274
1095,GOZDE,GIZEM,274
1096,TAYFUN,KOCASARAC,274
1097,NAILE,CERID,275
1098,DILAY,DONMEZ,275
1099,SENAY,HICYILMAZ,275
1100,HABIL,ILGUN,275
1101,BAHATTIN,DINLER,276
1102,KAMURAN,ALPAYCI,276
1103,BARIS,ARGA,276
1104,EFE,ERSOLAK,276
1105,MAKBULE,SEDA,277
1106,ETHEM,ATIK,277
1107,MAHMUT,BURAK,277
1108,TESLIME,NAZLI,277
1109,AYSENUR,SENER,278
1110,MUHAMMED,MUCAHID,278
1111,SELIMCAN,YUCE,278
1112,YAVUZ,SELIM,278
1113,ATIL,KASAL,279
1114,MUSTAFA,GURHAN,279
1115,HAYRUNNISA,KARADAG,279
1116,MELDA,KUCUKCIL,279
1117,HATIKE,BUGRUL,280
1118,HALIME,OCALAN,280
1119,MUAMMER,MUSLIM,280
1120,HANIFE,TUGCE,280
1121,AHMET,SAK,281
1122,OSMAN,SALIH,281
1123,FATIH,AVNI,281
1124,YIGITCAN,DAL,281
1125,AYCA,GONCU,282
1126,YASAR,GOZDE,282
1127,RAHMI,TUNA,282
1128,TULAY,KARCIN,282
1129,VILDAN,ACIK,283
1130,AYLIN,EMERCE,283
1131,ARIFE,ESRA,283
1132,AHMET,FURKAN,283
1133,AZRA,SATANA,284
1134,OMER,GOKHAN,284
1135,GOKNUR,ONARAN,284
1136,MUKADDER,ATA,284
1137,ALEV,OREN,285
1138,BAHRI,PARLAK,285
1139,OVGU,ANIL,285
1140,DOGUKAN,ALTUNTAS,285
1141,VEYSEL,SAG,286
1142,ALPEREN,KETEN,286
1143,ATILLA,AKKAYA,286
1144,SEYDA,GUZELKUCUK,286
1145,SEMIH,AYAS,287
1146,SUAT,DIKMEN,287
1147,MINE,CANSU,287
1148,MELIHA,ESRA,287
1149,ASLI,KAPLAN,288
1150,DOGAC,BAZ,288
1151,MUZAFFER,OGUZ,288
1152,NEZIH,ATCEKEN,288
1153,CUNDULLAH,SEVIMKAN,289
1154,GULFEM,LEZGIOGLU,289
1155,EZGI,GIZEM,289
1156,MEHMET,OZGUR,289
1157,CEYDA,GULENAY,290
1158,ARDA,NERMIN,290
1159,MERVE,ALTUNOGLU,290
1160,ERHAN,KARAAGAC,290
1161,FUAT,CIHAN,291
1162,LEYLA,GEREM,291
1163,LEZIZ,HASIRCI,291
1164,HALUK,INCEOGLU,291
1165,MAHMUT,KAHRIMAN,292
1166,MUNEVER,SARITAS,292
1167,HUSEYIN,CAHIT,292
1168,DIDEM,KAZBEK,292
1169,HALE,BILGILI,293
1170,EYUP,GOKHAN,293
1171,NIHAT,BERKAY,293
1172,BERIL,AKYILDIZ,293
1173,BENAN,COSAR,294
1174,TUGSEM,SEVGI,294
1175,GULCIN,AMIROVA,294
1176,ATES,ALBAYRAK,294
1177,SERHAT,ATABAY,295
1178,DINCER,AYDIN,295
1179,EDA,UMUTLU,295
1180,MELIKE,ELIF,295
1181,CAGLANUR,OZDEMIRKIRAN,296
1182,BELGIN,CAVLI,296
1183,SIMIN,KACEMER,296
1184,ALISAN,ERGOZ,296
1185,DICLE,KARATOPRAK,297
1186,SELEN,YORGANCI,297
1187,BAHAR,KARAKOYUN,297
1188,TURKAN,GUZEL,297
1189,VOLKAN,ONUR,298
1190,ULKU,DAG,298
1191,SELIM,OZAN,298
1192,MUHAMMED,SAMI,298
1193,ONUR,TUFENK,299
1194,GULBIN,BALSAK,299
1195,RESUL,COBAN,299
1196,GULDEHEN,UCAN,299
1197,ITIR,OZAN,300
1198,ERIM,KIRASLAN,300
1199,MINE,ZUBAROGLU,300
1200,BERAY,GOKDEMIR,300
1201,HAZEL,TUNCKOL,301
1202,KUTAY,OLGAC,301
1203,EGECAN,KARADIKEN,301
1204,COMERT,KANGAL,301
1205,ILGAZ,DERINDERE,302
1206,MUKADDES,GURCUM,302
1207,SAHINDE,SUVARI,302
1208,DUHAN,MOLLAMAHMUTOGLU,302
1209,ADEM,AKIN,303
1210,NAZIM,TOSUR,303
1211,MASALLAH,HEYBET,303
1212,ADIL,ELBUKEN,303
1213,SELKAN,MURAD,304
1214,GULIZ,DURMUSLAR,304
1215,ESRA,URFALI,304
1216,MELISA,KARSLIOGLU,304
1217,ZUHTU,BENER,305
1218,RAMAZAN,FERHAD,305
1219,SAMET,SANLIER,305
1220,HASAN,SERKAN,305
1221,SAMI,MESTEN,306
1222,RIFAT,YADIGAROGLU,306
1223,KERIME,RUMEYSA,306
1224,MUHAMMED,USLU,306
1225,NURSEL,ASLANALP,307
1226,OZTAN,DUR,307
1227,ONDER,TURGUT,307
1228,ORHAN,UYGAR,307
1229,SARP,SOZERI,308
1230,VELI,CAGLAR,308
1231,BATUHAN,LOGOGLU,308
1232,ABDUL,AZIM,308
1233,MERIC,RIDVANAGAOGLU,309
1234,TAYYAR,ALP,309
1235,AHMET,CEVDET,309
1236,OZGE,KORHASANOGULLARI,309
1237,DOGUHAN,KAZAN,310
1238,YUNUS,KERMEN,310
1239,SADI,BEYOGLU,310
1240,BARAN,BASDEMIR,310
1241,GAMZENUR,KAYTANCI,311
1242,AYDEMIR,DUZGUN,311
1243,HASAN,CIVAN,311
1244,NIMET,UZUN,311
1245,SEYMA,MELIHA,312
1246,HACI,HASAN,312
1247,BAKI,HAKGOR,312
1248,SEDEF,ELLIGRAM,312
1249,ILHAN,SIVRI,313
1250,HATICE,MENTES,313
1251,SUKRAN,EROKSUZ,313
1252,ASUDAN,TUGCE,313
1253,MEHMET,OZER,314
1254,MEHMET,VEYSEL,314
1255,OSMAN,BILGE,314
1256,ALI,OZAN,314
1257,MEHMET,AKIF,315
1258,SULE,ZEYBEK,315
1259,HANIFE,OZTAS,315
1260,ANDAC,ARPALI,315
1261,BEGUM,BEYAZOVA,316
1262,BINNUR,GUNGUNES,316
1263,VELI,ENES,316
1264,MUNISE,ONUS,316
1265,AHMET,MELIH,317
1266,AYSE,GUL,317
1267,GULPERI,BUYUKTAS,317
1268,KENAN,AHMET,317
1269,HALIL,GODE,318
1270,TIMUCIN,DUZCE,318
1271,UFUKCAN,KURTCA,318
1272,ALARA,AKSOZ,318
1273,BEYZA,OZDEMIR,319
1274,NIHAT,BUYUKMIRZA,319
1275,SAADET,NURLU,319
1276,FATMA,ESRA,319
1277,SERTEL,MERSIN,320
1278,ASLIHAN,ESRA,320
1279,GULSEREN,ERDOGMUS,320
1280,FUAT,ERNIS,320
1281,UNZULE,ILIKMEN,321
1282,HANDE,ARSLANGIRAY,321
1283,SERDAL,HARMANBASI,321
1284,AKIF,ERCAN,321
1285,CENGIZHAN,SURER,322
1286,ELIF,AYSE,322
1287,EMRE,ACIKGOZ,322
1288,GOKAY,ONUR,322
1289,OSMAN,TURGUT,323
1290,UZAY,DUMAN,323
1291,DUYGU,KURSUN,323
1292,OMUR,GUMURDU,323
1293,DILBER,BAGCIOGLU,324
1294,BAYRAM,FURKAN,324
1295,UYGAR,BOLAC,324
1296,KOREL,MERDEN,324
1297,SONER,DUYAN,325
1298,ATAHAN,SOLUK,325
1299,ALEYNA,ERMENEK,325
1300,SEMINE,KOCAR,325
1301,MEHMED,SAFAK,326
1302,RUMEYSA,CANAL,326
1303,DIANA,GIRVAT,326
1304,IBRAHIM,FUAT,326
1305,ELIF,NIHAL,327
1306,NOYAN,AKCAN,327
1307,OZER,MULAYIMOGLU,327
1308,BELGIN,EMINE,327
1309,BILGE,MERVE,328
1310,MUAMMER,SOYDAN,328
1311,NILAY,TUNAY,328
1312,KIVILCIM,BOZKURTER,328
1313,HUSNU,SAGIRKAYA,329
1314,BILGIN,KAYNAR,329
1315,IRFAN,YILDIRIM,329
1316,ERKAN,SEYHAN,329
1317,SELAMI,CABUK,330
1318,FEHMI,KARSAVURANOGLU,330
1319,CAGATAY,HANCIOGLU,330
1320,REMZIYE,YILDIZ,330
1321,NEVROZ,BOZKURT,331
1322,PERVER,BICKES,331
1323,ENNUR,CANTAY,331
1324,CAHIDE,OZET,331
1325,MEHMET,DUMLU,332
1326,SANEM,GOKCEN,332
1327,CANAN,EZER,332
1328,DORUKHAN,TARAKCI,332
1329,RUTKAY,ALBOGA,333
1330,ZAFER,TUZE,333
1331,CEMILE,KAVLAK,333
1332,NISA,ASIK,333
1333,MUSTAFA,ARIF,334
1334,SUNAY,GOZUYUKARI,334
1335,SEDAT,OKANT,334
1336,BENGU,OZGAN,334
1337,NURGUL,SALMAN,335
1338,SERVET,PARA,335
1339,MARUF,TURMUS,335
1340,OMER,FARUK,335
1341,ZARIFE,SU,336
1342,ATA,UYANIK,336
1343,ERDAL,YILMAZ,336
1344,DILSAH,SENTURK,336
1345,TOLGA,CAN,337
1346,SEZIN,KIRISCI,337
1347,MUSTAFA,ALICAN,337
1348,SERDAR,BORA,337
1349,SUKRIYE,TUFEKCI,338
1350,NESLIHAN,OZDOGAN,338
1351,MEHMET,VEHBI,338
1352,HILAYDA,ORHON,338
1353,BAYAR,ARPACI,339
1354,UNALCAN,GIRGIN,339
1355,GIZEM,ALTUNYAPRAK,339
1356,ESMA,KARACANTA,339
1357,EKREM,OZBIR,340
1358,SIMAY,ACUN,340
1359,MUSTAFA,GUVENC,340
1360,SECIL,KOKSOY,340
1361,ZURBIYE,ALKAN,341
1362,AHSEN,BILDIK,341
1363,CEM,DEMIR,341
1364,ISIN,ELVERDI,341
1365,HAYATI,EVREN,342
1366,EMEL,CENNET,342
1367,BURCIN,GULDUR,342
1368,BURCIN,MERYEM,342
1369,MUHAMMED,FATIH,343
1370,SERIFE,EZGI,343
1371,BATURHAN,AKCAY,343
1372,HASAN,BILEN,343
1373,SALMAN,OZMEN,344
1374,GURKAN,ANIK,344
1375,ELIF,TUGCE,344
1376,CAGLA,TURKCAN,344
1377,TUGBERK,UGUZ,345
1378,BEDRI,TASTEKIN,345
1379,NESE,KARACAN,345
1380,ZULFIYE,OKUR,345
1381,YUSUF,ZIYA,346
1382,SENA,KAMACI,346
1383,ERSEN,BUYUKBULUT,346
1384,SERCIN,KARAKULAK,346
1385,SUNA,PIRTI,347
1386,MUCADIYE,SEVEN,347
1387,SU,PURSUNLERI,347
1388,GULNUR,AYVA,347
1389,KEZBAN,DIKOGLU,348
1390,TAHACAN,ILKAY,348
1391,TANJU,BATGI,348
1392,YASAR,BARBAROS,348
1393,ERKAN,SABRI,349
1394,SENEM,ERGULU,349
1395,IBRAHIM,ULUTAS,349
1396,HUSEYIN,YAVUZ,349
1397,ALP,SARISOY,350
1398,MUSERREF,CILDIR,350
1399,HANDAN,GULESEN,350
1400,AYSE,PINAR,350
1401,HALENUR,UYSAK,351
1402,MUHAMMET,FATIH,351
1403,BILAL,KAHRAMAN,351
1404,REFIK,ELMA,351
1405,TANSU,ARBAG,352
1406,HAKAN,BOLAYIR,352
1407,TAHSIN,ALGOK,352
1408,TUFAN,AKIN,352
1409,ONUR,SALIH,353
1410,AHMETCAN,ILERI,353
1411,MUMUN,FATIH,353
1412,YUSUF,KENAN,353
1413,BERRIN,SELBI,354
1414,NURULLAH,TEPECIK,354
1415,BADE,ATAR,354
1416,SUKRU,TANRIVERDI,354
1417,YAHYA,GOKSEL,355
1418,SABRI,SEFA,355
1419,MERJEN,KORMALI,355
1420,NAZIFE,TUREMENOGULLARI,355
1421,SEZEN,YETER,356
1422,NECLA,GOKBAYIR,356
1423,SEHER,OZLEM,356
1424,ATANUR,ASIL,356
1425,NIHAN,EMIR,357
1426,MUSTAFA,ULAS,357
1427,MELIA,BUYUKBAS,357
1428,RUYA,KIRCI,357
1429,ONURHAN,BOSTANCI,358
1430,HACI,KEMAL,358
1431,OLCAY,GUNEYSU,358
1432,NIL,GOZKAYA,358
1433,ONDER,ALTAS,359
1434,GAMZE,PINAR,359
1435,AYBEGUM,OZTURKMEN,359
1436,IDIL,DENIZ,359
1437,MUAMMER,HAYRI,360
1438,HASIBE,DEMIRHAN,360
1439,VELIT,CEBECIOGLU,360
1440,HABIBE,GUNAYDIN,360
1441,NIMET,DIDEM,361
1442,ERGUL,DERINOZ,361
1443,GOKHAN,ARAL,361
1444,RESA,TURKAL,361
1445,TUMAY,ILIK,362
1446,MEHMET,NURI,362
1447,MUHAMMET,MURAT,362
1448,BUNYAMIN,TEKIS,362
1449,HALIL,IBRAHIM,363
1450,MERT,YUKSEK,363
1451,ESMERALDA,KUS,363
1452,GULEN,ECE,363
1453,ALICAN,NUHVEREN,364
1454,MUZAFFER,ELLIALTI,364
1455,SEBNEM,OZDIL,364
1456,ABDULSAMET,ALHAS,364
1457,GOZDE,KUBRA,365
1458,EMINE,KANNECI,365
1459,ABDULSAMET,ARSLAN,365
1460,SAHIN,DOGRU,365
1461,TAYLAN,UGUR,366
1462,NEVAL,ATILA,366
1463,NEZIR,EMINOGLU,366
1464,KEZIBAN,SULEYMANOV,366
1465,BENGISU,AKTUNA,367
1466,EKIN,KARPUZOGLU,367
1467,HUSEYIN,KUNTER,367
1468,METANET,MEHRALI,367
1469,YUCEL,SEFER,368
1470,UFUK,KAHREMAN,368
1471,MEHTAP,CALISKANTURK,368
1472,EMRULLAH,KITAPCI,368
1473,YAKUP,ILKER,369
1474,VEHBI,ATAY,369
1475,HIKMET,BAHA,369
1476,MUSTAFA,BARAN,369
1477,YUSUFCAN,UYGUN,370
1478,ZEHRA,KACIRA,370
1479,SEYRAN,SANDAL,370
1480,NECMETTIN,CAKAR,370
1481,HACI,MEHMET,371
1482,EBUBEKIR,ONUR,371
1483,VACIDE,TURFAN,371
1484,MEHMET,ZIYA,371
1485,EMIR,MURAT,372
1486,KONURALP,TURGUT,372
1487,SUMEYRA,OZCOBAN,372
1488,HUMEYRA,OGUDEN,372
1489,UMIT,KIYAK,373
1490,NADIDE,KINALIOGLU,373
1491,SAID,SALKACI,373
1492,SIDDIKA,AKPINARLI,373
1493,ABDULHALIM,KIZANLIKLI,374
1494,HAYRI,SENLIK,374
1495,SEDA,ELCIM,374
1496,TOLUNAY,KAYABASI,374
1497,SIDAR,SOKMEN,375
1498,SAFA,AYDEMIR,375
1499,BERFU,KUYUCU,375
1500,SUHEYLA,AYCA,375
1501,ILKER,ADALI,376
1502,BISAR,OCAL,376
1503,EGE,BEKIS,376
1504,YENER,AKIS,376
1505,YASEMIN,ATAN,377
1506,RUKIYE,KAVAL,377
1507,ULAS,OZHAN,377
1508,MEHMET,YAVUZ,377
1509,AYDAN,TOPKARA,378
1510,SEBAHAT,TEMLI,378
1511,SEYIT,SADIK,378
1512,YURDAGUL,ERKAL,378
1513,HAYATI,CAN,379
1514,NEFISE,KUNUCEN,379
1515,GOKTEKIN,KASIKCI,379
1516,ORHAN,DUZEL,379
1517,SEHER,AKARCA,380
1518,MAHSUM,CERKEZ,380
1519,MERTAY,ERDEM,380
1520,GONCA,CANBOLAT,380
1521,MEHMET,NEDIM,381
1522,OGUZ,KAAN,381
1523,YALMAN,OZIBA,381
1524,OZGUNCAN,KAYMAS,381
1525,BURAK,ERHAN,382
1526,MELIHA,CELIKTAS,382
1527,FEVZIYE,KECIK,382
1528,NILGUN,TUNC,382
1529,MUSA,YAVUZ,383
1530,GULTEKIN,GUNHAN,383
1531,MAHMUT,EMRE,383
1532,ATACAN,VURAL,383
1533,SALIH,SULHAN,384
1534,ISMAIL,YAVUZ,384
1535,BENGUHAN,OTEBAS,384
1536,OKKES,EGRI,384
1537,MUTTAKI,SENCAN,385
1538,TUBA,KIRBAS,385
1539,VAHDETTIN,TALHA,385
1540,UZEYIR,GAYRETLI,385
1541,MANSUR,KURSAD,386
1542,SERIFE,KARAKURT,386
1543,BICEM,OZ,386
1544,ASIYE,BURCU,386
1545,HASAN,YAVUZHAN,387
1546,MUSACIDE,ZEHRA,387
1547,ELIF,CILER,387
1548,AYSE,GULCIN,387
1549,SELDA,IKIER,388
1550,EMRE,MERTER,388
1551,ZERIN,GOBUT,388
1552,LARA,KAPAR,388
1553,EYUP,GOREN,389
1554,CAHIT,YURDSEVEN,389
1555,GUHER,YEL,389
1556,ALAADDIN,AL,389
1557,TUGBA,BABAYIGIT,390
1558,SALIHA,DILEK,390
1559,ARZU,AYTEK,390
1560,MESUDE,GULTEKIN,390
1561,GULDEN,URUC,391
1562,KADIR,TURKKAN,391
1563,MEHMET,GOKCE,391
1564,HALID,CAKIROGLU,391
1565,AHMAD,TAHER,392
1566,BUSRA,DUZLU,392
1567,SAADET,NILAY,392
1568,IBRAHIM,TAYFUN,392
1569,LATIFE,KAYKISIZ,393
1570,SUAYIP,OKTEM,393
1571,SIMENDER,BALKAN,393
1572,SERMIN,HUSEYNI,393
1573,RUKIYE,OZDEN,394
1574,IZZETTIN,BAL,394
1575,AHMET,BURAK,394
1576,ALPER,BOSTANCIOGLU,394
1577,ONAT,EVMEZ,395
1578,SEYFI,CEM,395
1579,GUL,AKUSTA,395
1580,ILKIM,AKBAL,395
1581,DAGHAN,KAYACAN,396
1582,CEMRE,OZKAN,396
1583,AHMET,BILGEHAN,396
1584,MAHMUT,ARDA,396
1585,AHMET,EMRE,397
1586,UYSAN,COREKCIOGLU,397
1587,AHMET,MERT,397
1588,AYLIN,SEVIL,397
1589,CEM,INAN,398
1590,GULSEN,OZDOGAN,398
1591,ZEKI,KISAC,398
1592,YALCIN,KILIC,398
1593,NEHIR,BEREKATOGLU,399
1594,YAREN,AK,399
1595,HASRET,DALYAN,399
1596,CANBERK,OZAYDIN,399
1597,SERAP,IBISOGLU,400
1598,OZGUR,KOYBASI,400
1599,CEVAHIR,OZMEN,400
1600,MUNKH-ALDAR,YUMURTAS,400
1601,CEM,OZGUR,401
1602,BELMA,GUCUKLUOGLU,401
1603,MUHAMMED,TAHA,401
1604,INANC,KAREM,401
1605,BUSRA,BELGEMEN,402
1606,HYUNER,KALYENCI,402
1607,MAHMUT,NURI,402
1608,BURCU,CEYHUN,402
1609,EREN,DILEK,403
1610,NEBI,KANIK,403
1611,SEZGIN,ACAR,403
1612,ZEMZEM,DEGER,403
1613,FUSUN,YAMAN,404
1614,MAZIN,ISKENDER,404
1615,FAHRI,SARUCAN,404
1616,NAFIZ,INCI,404
1617,TEOMAN,DAGLIOGLU,405
1618,SULTAN,NACAR,405
1619,MEHMET,HAZBIN,405
1620,ERDEM,CAN,405
